id,first_name,last_name,profilePic,lastJob,skill
1,Randall,Dominguez,http://dummyimage.com/207x228.jpg/dddddd/000000,Executive Secretary,SharePoint
2,Isabelle,Bigrigg,http://dummyimage.com/153x178.jpg/5fa2dd/ffffff,Statistician I,Utilization Review
3,Irwin,Blachford,http://dummyimage.com/145x166.jpg/dddddd/000000,Director of Sales,Trials
4,Brett,Chapiro,http://dummyimage.com/178x112.jpg/5fa2dd/ffffff,GIS Technical Architect,SNA
5,Chery,Paradine,http://dummyimage.com/165x175.jpg/dddddd/000000,Marketing Manager,SAP OM
6,Hillel,Line,http://dummyimage.com/203x214.jpg/cc0000/ffffff,Software Test Engineer II,3D Visualization
7,Fawn,O'Lenane,http://dummyimage.com/187x219.jpg/dddddd/000000,Quality Control Specialist,Beverage Industry
8,Benito,Dibdin,http://dummyimage.com/116x231.jpg/ff4444/ffffff,Nuclear Power Engineer,Direct Sales
9,Rickert,Hayman,http://dummyimage.com/141x191.jpg/5fa2dd/ffffff,Senior Quality Engineer,AHWD
10,Mercy,Syder,http://dummyimage.com/187x156.jpg/5fa2dd/ffffff,Business Systems Development Analyst,NS-2
11,Oates,McGucken,http://dummyimage.com/175x104.jpg/ff4444/ffffff,Technical Writer,Microsoft DNS
12,Chery,Edelheit,http://dummyimage.com/116x196.jpg/5fa2dd/ffffff,Physical Therapy Assistant,Stakeholder Management
13,Ellissa,Doylend,http://dummyimage.com/166x156.jpg/5fa2dd/ffffff,VP Sales,Academic Tutoring
14,Etan,Dufour,http://dummyimage.com/163x183.jpg/ff4444/ffffff,Cost Accountant,Grievances
15,Riannon,Treadgall,http://dummyimage.com/228x234.jpg/dddddd/000000,Electrical Engineer,IRIS
16,Sidoney,Jerschke,http://dummyimage.com/210x194.jpg/cc0000/ffffff,Editor,Adobe Creative Suite
17,Christie,Thouless,http://dummyimage.com/113x140.jpg/dddddd/000000,Computer Systems Analyst I,EoMPLS
18,Karee,Burden,http://dummyimage.com/161x189.jpg/ff4444/ffffff,Analog Circuit Design manager,DTI
19,Serene,Di Bartolommeo,http://dummyimage.com/203x244.jpg/ff4444/ffffff,Developer III,RPC
20,Murray,Texton,http://dummyimage.com/199x197.jpg/dddddd/000000,Business Systems Development Analyst,Xsigo
21,Maggie,Berndtsson,http://dummyimage.com/203x182.jpg/cc0000/ffffff,Professor,PFGE
22,Burnaby,de Wilde,http://dummyimage.com/178x192.jpg/ff4444/ffffff,Software Engineer II,DFLSS
23,Lauretta,Minnis,http://dummyimage.com/110x110.jpg/ff4444/ffffff,Desktop Support Technician,ABAP
24,Cynthea,Ketton,http://dummyimage.com/239x224.jpg/ff4444/ffffff,Electrical Engineer,Account Management
25,Abbie,Mattiello,http://dummyimage.com/241x173.jpg/cc0000/ffffff,Administrative Assistant I,Power Plants
26,Alexis,Mapholm,http://dummyimage.com/180x165.jpg/5fa2dd/ffffff,Actuary,RAN
27,Astrix,Hune,http://dummyimage.com/234x146.jpg/cc0000/ffffff,Software Test Engineer III,Music Industry
28,Chiarra,Le Claire,http://dummyimage.com/161x116.jpg/cc0000/ffffff,Administrative Assistant II,QNXT
29,Lissi,Ivanshintsev,http://dummyimage.com/152x211.jpg/cc0000/ffffff,Director of Sales,Flight Safety
30,Georgie,Bjerkan,http://dummyimage.com/128x178.jpg/ff4444/ffffff,Design Engineer,CWS
31,Salome,BURWIN,http://dummyimage.com/131x202.jpg/5fa2dd/ffffff,Senior Quality Engineer,Time Management
32,Redd,De Normanville,http://dummyimage.com/213x241.jpg/ff4444/ffffff,Product Engineer,Jigs
33,Kasper,Daniau,http://dummyimage.com/218x244.jpg/5fa2dd/ffffff,Marketing Assistant,Yacht Clubs
34,Adeline,Raleston,http://dummyimage.com/201x114.jpg/dddddd/000000,Senior Developer,SRM 5.0
35,Halsy,Breazeall,http://dummyimage.com/174x234.jpg/dddddd/000000,Quality Control Specialist,EPC
36,Prudy,Gasken,http://dummyimage.com/102x201.jpg/5fa2dd/ffffff,Senior Financial Analyst,Automotive
37,Shayla,Pafford,http://dummyimage.com/164x161.jpg/ff4444/ffffff,Design Engineer,XOG
38,Carlota,Neles,http://dummyimage.com/235x171.jpg/cc0000/ffffff,Editor,Creative Direction
39,Goddart,Nyssens,http://dummyimage.com/202x218.jpg/5fa2dd/ffffff,Occupational Therapist,CTRS
40,Ogdon,Bewshire,http://dummyimage.com/176x137.jpg/dddddd/000000,Executive Secretary,Multiplex PCR
41,Corette,Gillingwater,http://dummyimage.com/248x175.jpg/dddddd/000000,Junior Executive,XFS
42,Tamra,Batting,http://dummyimage.com/226x212.jpg/ff4444/ffffff,Financial Analyst,CRM
43,Fielding,Dancey,http://dummyimage.com/106x186.jpg/5fa2dd/ffffff,Design Engineer,MFC
44,Aura,Bemlott,http://dummyimage.com/248x109.jpg/dddddd/000000,Nurse,Unicenter TNG
45,Kandace,Polotti,http://dummyimage.com/208x106.jpg/dddddd/000000,Sales Associate,UTP
46,Elisabeth,Stubbings,http://dummyimage.com/237x216.jpg/5fa2dd/ffffff,VP Accounting,NICE Call Recording
47,Yurik,Pau,http://dummyimage.com/194x113.jpg/5fa2dd/ffffff,Nurse Practicioner,QEMU
48,D'arcy,Brailey,http://dummyimage.com/180x116.jpg/dddddd/000000,GIS Technical Architect,Ffmpeg
49,Alleyn,Cordero,http://dummyimage.com/136x169.jpg/dddddd/000000,Sales Representative,ABR
50,Serge,Wehnerr,http://dummyimage.com/163x248.jpg/dddddd/000000,Paralegal,ODS
51,Cicely,Gages,http://dummyimage.com/162x230.jpg/ff4444/ffffff,Senior Cost Accountant,Direct Mail
52,Ruddie,Simla,http://dummyimage.com/132x249.jpg/dddddd/000000,Graphic Designer,AutoCAD Architecture
53,Mirabella,Castlake,http://dummyimage.com/152x178.jpg/cc0000/ffffff,Administrative Assistant IV,Military Experience
54,Kimberlyn,Peachman,http://dummyimage.com/191x182.jpg/ff4444/ffffff,Nurse,Integration
55,Denny,Askell,http://dummyimage.com/211x159.jpg/5fa2dd/ffffff,Programmer II,Kitchen Remodeling
56,Shara,Vondrak,http://dummyimage.com/235x100.jpg/dddddd/000000,Web Developer I,iPod
57,Nikolas,MacKerley,http://dummyimage.com/236x219.jpg/ff4444/ffffff,Business Systems Development Analyst,Computer Hardware
58,Tallia,Leile,http://dummyimage.com/232x234.jpg/ff4444/ffffff,Community Outreach Specialist,AWS CWI
59,Tressa,Grime,http://dummyimage.com/116x237.jpg/cc0000/ffffff,Accounting Assistant III,Reactive Ion Etching
60,Scotty,Pedican,http://dummyimage.com/174x227.jpg/dddddd/000000,Nurse Practicioner,SVG
61,Ruddy,Binning,http://dummyimage.com/103x188.jpg/dddddd/000000,Geological Engineer,CISSP
62,Sergio,Acome,http://dummyimage.com/190x128.jpg/cc0000/ffffff,Structural Analysis Engineer,RBI
63,Brendan,Sanpher,http://dummyimage.com/191x135.jpg/cc0000/ffffff,Automation Specialist III,Reaction Kinetics
64,Marlene,Mackelworth,http://dummyimage.com/205x155.jpg/dddddd/000000,Accountant IV,IHT
65,Vic,Rennolds,http://dummyimage.com/217x131.jpg/ff4444/ffffff,Analog Circuit Design manager,LUSAS
66,Aksel,Sprey,http://dummyimage.com/220x165.jpg/cc0000/ffffff,Account Representative III,Ion Exchange
67,Jessee,Beagan,http://dummyimage.com/220x228.jpg/cc0000/ffffff,Teacher,Eyelash Extensions
68,Ruddie,Fick,http://dummyimage.com/233x226.jpg/dddddd/000000,Web Designer II,Jewish Education
69,Kenneth,Kenna,http://dummyimage.com/193x216.jpg/dddddd/000000,Marketing Assistant,Signal Processing
70,Grete,Treasaden,http://dummyimage.com/112x223.jpg/ff4444/ffffff,Systems Administrator III,Music
71,Jackie,Padgett,http://dummyimage.com/217x224.jpg/ff4444/ffffff,Software Test Engineer I,Flight Test
72,Agnella,Moynihan,http://dummyimage.com/197x137.jpg/ff4444/ffffff,Account Representative III,Business Journalism
73,Oby,Brumbie,http://dummyimage.com/201x125.jpg/cc0000/ffffff,Payment Adjustment Coordinator,Biotechnology
74,Wilfrid,Maides,http://dummyimage.com/182x157.jpg/5fa2dd/ffffff,Structural Analysis Engineer,Twill
75,Pauline,Teesdale,http://dummyimage.com/103x243.jpg/cc0000/ffffff,Pharmacist,Nastran
76,Richy,Windsor,http://dummyimage.com/195x112.jpg/dddddd/000000,Design Engineer,Oil &amp; Gas Law
77,Arnuad,Brabham,http://dummyimage.com/209x130.jpg/ff4444/ffffff,Occupational Therapist,osCommerce
78,Jacqui,Persey,http://dummyimage.com/250x105.jpg/dddddd/000000,Junior Executive,Xinet
79,Caresse,Catanheira,http://dummyimage.com/153x201.jpg/5fa2dd/ffffff,Assistant Media Planner,Web TV
80,Corissa,Haigh,http://dummyimage.com/163x139.jpg/5fa2dd/ffffff,Statistician I,Roofers
81,Ambros,Faucherand,http://dummyimage.com/224x126.jpg/ff4444/ffffff,Speech Pathologist,Variable Frequency Drives
82,Gibby,Crippill,http://dummyimage.com/135x236.jpg/cc0000/ffffff,Software Test Engineer IV,VSD
83,Herculie,Colbeck,http://dummyimage.com/119x120.jpg/cc0000/ffffff,Assistant Media Planner,Editorial
84,Trace,Aish,http://dummyimage.com/155x115.jpg/cc0000/ffffff,Structural Engineer,MDI
85,Farica,Coulthurst,http://dummyimage.com/219x177.jpg/ff4444/ffffff,Financial Analyst,FDA
86,Consuela,Tordoff,http://dummyimage.com/164x111.jpg/dddddd/000000,Database Administrator II,Dump Truck
87,Stacy,Mabee,http://dummyimage.com/157x222.jpg/cc0000/ffffff,Quality Engineer,JMX
88,Theresita,Warlaw,http://dummyimage.com/164x175.jpg/dddddd/000000,Librarian,XCAP
89,Rosetta,Greenset,http://dummyimage.com/129x231.jpg/dddddd/000000,Geological Engineer,QR
90,Dieter,Plues,http://dummyimage.com/162x105.jpg/cc0000/ffffff,Accountant III,Intercollegiate Athletics
91,Asa,Chedgey,http://dummyimage.com/119x166.jpg/dddddd/000000,Financial Advisor,VMware View
92,Woody,Fabbri,http://dummyimage.com/147x226.jpg/dddddd/000000,Environmental Specialist,Ultrafast Spectroscopy
93,Gallagher,Stanway,http://dummyimage.com/210x203.jpg/5fa2dd/ffffff,Senior Cost Accountant,ISTQB
94,Patricia,Beasant,http://dummyimage.com/194x150.jpg/dddddd/000000,Software Engineer III,GFAS
95,Tandie,Knight,http://dummyimage.com/190x121.jpg/ff4444/ffffff,Database Administrator IV,PCM
96,Lurlene,Prozescky,http://dummyimage.com/174x137.jpg/dddddd/000000,Accounting Assistant IV,Big Data
97,Garwood,Schooley,http://dummyimage.com/242x238.jpg/5fa2dd/ffffff,Graphic Designer,Ultipro
98,Margi,Ashenhurst,http://dummyimage.com/233x146.jpg/cc0000/ffffff,VP Accounting,AutoCAD Civil 3D
99,Feodor,Weatherill,http://dummyimage.com/177x235.jpg/ff4444/ffffff,Paralegal,Tax Returns
100,Stearne,Klesse,http://dummyimage.com/235x145.jpg/ff4444/ffffff,Structural Engineer,Ulcerative Colitis
